{
	"class_name" : "PinholeCameraParameters",
	"extrinsic" : 
	[
		0.81732787015901609,
		0.12366177297438577,
		-0.56274587387750608,
		0.0,
		-0.10195400384928324,
		-0.93024315654544787,
		-0.35249546209768667,
		0.0,
		-0.56708071185716302,
		0.34547856026849594,
		-0.74770584499145143,
		0.0,
		0.021964710096685325,
		0.84300592955580911,
		3.4089633560564976,
		1.0
	],
	"intrinsic" : 
	{
		"height" : 1080,
		"intrinsic_matrix" : 
		[
			935.30743608719376,
			0.0,
			0.0,
			0.0,
			935.30743608719376,
			0.0,
			959.5,
			539.5,
			1.0
		],
		"width" : 1920
	},
	"version_major" : 1,
	"version_minor" : 0
}